"Estimate","Est.Error","Q2.5","Q97.5","term"
0.179046147147182,0.0484983445313691,0.0883575531734254,0.279065901708798,"focspTRCY:fac_z"
0.0922133458489366,0.0511381019291059,-0.00615387435062301,0.194182998710186,"focspTROR:fac_z"
