"model","stacking_weight"
"nofac",0.281723984729955
"linear",9.67559920207129e-06
"quad",0.718266339670843
