"Estimate","Est.Error","Q2.5","Q97.5","term"
0.360685994580363,0.0963587774844193,0.167055060404638,0.546097980874877,"focspTRCY:fac_z"
0.199105004220681,0.0781655812053053,0.0451459218193965,0.351884615574336,"focspTROR:fac_z"
-0.0565380474649204,0.0251976331474986,-0.104091222720749,-0.00450939678929021,"focspTRCY:fac_z2"
-0.0210777785110635,0.0114685608284625,-0.0419949112394495,0.00333703755753547,"focspTROR:fac_z2"
