"Estimate","Est.Error","Q2.5","Q97.5","term"
0.517660031513968,0.163255792819054,0.206664735686391,0.844124559062782,"focspTRCY:fac_z"
0.0784622128904767,0.203869072095493,-0.318650014899629,0.479997318600628,"focspTROR:fac_z"
-0.0732852753941843,0.040183797896404,-0.147384121116279,0.00889120545753764,"focspTRCY:fac_z2"
0.0215668278123499,0.108667474259154,-0.170979942722505,0.254877117910616,"focspTROR:fac_z2"
-0.228419559249943,0.198033055273909,-0.624758791334263,0.14665128540646,"focspTRCY:CovSun:fac_z"
0.152286655596624,0.215780968059346,-0.274818467946036,0.568234040718391,"focspTROR:CovSun:fac_z"
0.0282786203618231,0.05107128459916,-0.0702233143628189,0.126948014849658,"focspTRCY:CovSun:fac_z2"
-0.046138138839479,0.1090482951206,-0.280747370242777,0.145580758169028,"focspTROR:CovSun:fac_z2"
