"model","stacking_weight"
"nofac",0.268789071666499
"linear",1.01801013997453e-05
"quad",0.731057782697895
"site_quad",1.58644869941325e-05
"cov_quad",0.000126749284120153
"both_quad",3.51763092210078e-07
