"Estimate","Est.Error","Q2.5","Q97.5","term"
0.837009300671763,0.0960258120298641,0.648234837032425,1.02378115825861,"focspTRCY:CovSUN"
0.588195101558769,0.0986185189531875,0.393158743383228,0.783903777070111,"focspTROR:CovSUN"
0.201683746636603,0.0695593962319039,0.0716257747270567,0.343793295314844,"focspTRCY:fac_sc"
0.0459667615059398,0.0959465317418541,-0.133164418810674,0.246577193318475,"focspTROR:fac_sc"
-0.0962417842182747,0.0783470123788036,-0.256325866224916,0.0523923705753165,"focspTRCY:CovSUN:fac_sc"
0.0266881196138635,0.102143617347402,-0.182913936721212,0.219029085751362,"focspTROR:CovSUN:fac_sc"
