"model","stacking_weight"
"covfac",0.999996906621563
"sitefac",3.09337843729107e-06
