"model","stacking_weight"
"gaussian_raw",5.64176127745113e-09
"poisson_count",2.10871533571496e-08
"negbin_count",2.76830941019558e-08
"gaussian_logfit",0.999999945587991
