"Estimate","Est.Error","Q2.5","Q97.5","term"
-1.13227748258081,0.195555805617219,-1.5078544980641,-0.737030876124797,"focspTRCY:SiteCS"
-1.11548867380818,0.222045935130917,-1.54578756133197,-0.671863926806711,"focspTROR:SiteCS"
