"Estimate","Est.Error","Q2.5","Q97.5","term"
-1.435581271716,0.207358997925729,-1.8366623972095,-1.02831026784885,"focspTRCY:SiteCS"
-1.39676302868511,0.227784195655067,-1.83428779951469,-0.943929889498265,"focspTROR:SiteCS"
-0.468003957401695,0.451624984556262,-1.30257749244637,0.480576013447617,"focspTRCY:SiteCS:fac_sc"
0.497444995984119,0.535929445768307,-0.482503893235715,1.604419335375,"focspTROR:SiteCS:fac_sc"
