"Estimate","Est.Error","Q2.5","Q97.5","term"
-1.46160838322744,0.204311370954504,-1.86026764227188,-1.06003592059864,"focspTRCY:SiteCS"
-1.39723218089267,0.230713803438767,-1.84422509165819,-0.930061761444663,"focspTROR:SiteCS"
-0.441774568776959,0.439278404424866,-1.26802699359132,0.464138210650795,"focspTRCY:SiteCS:fac_sc"
0.502022744622529,0.547613898331111,-0.517975266064634,1.65637146112113,"focspTROR:SiteCS:fac_sc"
