"Estimate","Est.Error","Q2.5","Q97.5","term"
-1.4488849841909,0.194356311864778,-1.81942234730586,-1.06918194096033,"focspTRCY:SiteCS"
-1.39602270769678,0.213939910259866,-1.81257091251008,-0.962412465414123,"focspTROR:SiteCS"
