"Estimate","Est.Error","Q2.5","Q97.5","term"
-1.46945428755296,0.192608083759538,-1.84177644815054,-1.08266072902208,"focspTRCY:SiteCS"
-1.39166140939963,0.213326258150407,-1.80006745541918,-0.971104273013029,"focspTROR:SiteCS"
