"Estimate","Est.Error","Q2.5","Q97.5","term"
0.734779040099737,0.0895526250542198,0.556051622581351,0.910411599457421,"focspTRCY:CovSun"
0.524976545376798,0.0940852845455605,0.338633774114017,0.709279555432074,"focspTROR:CovSun"
0.126566369078729,0.0344125678726706,0.0592514272732779,0.194788496712959,"focspTRCY:fac_sc"
0.105671525226229,0.0363065926447055,0.034810069261172,0.177907569911444,"focspTROR:fac_sc"
