"Estimate","Est.Error","Q2.5","Q97.5","term"
-0.261589418512608,0.130662521351469,-0.522495256297829,-0.00665474698140836,"focspTRCY:SiteGH"
-0.274053230453464,0.133488702349827,-0.538548840373977,-0.0171849906279068,"focspTROR:SiteGH"
0.0965328024019462,0.126846364549288,-0.158501256571872,0.343457365300607,"focspTRCY:SiteNam"
-0.332222636024668,0.136126821522503,-0.594542720636098,-0.0636635693239228,"focspTROR:SiteNam"
0.392872027565356,0.123748057660645,0.147514189003429,0.632234920675851,"focspTRCY:SitePJ"
-0.0752144744353705,0.133107432716425,-0.329297751432056,0.189384281823617,"focspTROR:SitePJ"
-1.4488849841909,0.194356311864778,-1.81942234730586,-1.06918194096033,"focspTRCY:SiteCS"
-1.39602270769678,0.213939910259866,-1.81257091251008,-0.962412465414123,"focspTROR:SiteCS"
0.806620297515277,0.0872085945254594,0.633586006156341,0.97787527089448,"focspTRCY:CovSun"
0.633908999360733,0.0915977674037598,0.455980650696003,0.815649313677798,"focspTROR:CovSun"
0.128532520621664,0.035455119631818,0.0618012470772374,0.201251019329104,"focspTRCY:fac_sc"
0.0692940571175712,0.037546900115959,-0.000795872258908372,0.145214317775695,"focspTROR:fac_sc"
