"Estimate","Est.Error","Q2.5","Q97.5","term"
0.711895708638381,0.116038219713321,0.486682890399235,0.942891829352804,"focspTRCY:CovSUN"
0.679465944046923,0.116785251510468,0.449551335063334,0.911508032060478,"focspTROR:CovSUN"
0.10499496180247,0.0607576183441137,-0.00831512977183789,0.231930186720718,"focspTRCY:fac_sc"
0.0345809463071779,0.0549916777892168,-0.0664187561845208,0.148594799465841,"focspTROR:fac_sc"
