"Estimate","Est.Error","Q2.5","Q97.5","term"
0.697284615891613,0.106699822657027,0.484354739293617,0.907448596580863,"focspTRCY:SitePJ"
0.210279748639173,0.115363161757978,-0.01616721650779,0.436412481684473,"focspTROR:SitePJ"
0.755782340878157,0.112117292399046,0.53942807822387,0.97154108088897,"focspTRCY:CovSUN"
0.723907778576989,0.11502088385458,0.497869543139703,0.950941270226724,"focspTROR:CovSUN"
0.139606740865949,0.0632346900282076,0.025097358098054,0.27088397469923,"focspTRCY:fac_sc"
0.0488702083446581,0.0548535507521687,-0.0526991616510675,0.162660874195919,"focspTROR:fac_sc"
