"Estimate","Est.Error","Q2.5","Q97.5","term"
0.718225298917069,0.109300403856879,0.505052672032943,0.935749936904284,"focspTRCY:SitePJ"
0.221195961618202,0.115324141008327,-0.00268490494093411,0.450389717874181,"focspTROR:SitePJ"
0.737849087517115,0.11707490209584,0.508201339696883,0.968436155736739,"focspTRCY:CovSUN"
0.690315379294666,0.118289219423615,0.457683639061215,0.926136163797236,"focspTROR:CovSUN"
0.110809483739879,0.0814323831071547,-0.0296014369895886,0.28847186481864,"focspTRCY:fac_sc"
-0.115119535485523,0.121998889839382,-0.336243175814632,0.141935080017469,"focspTROR:fac_sc"
0.0801021632904627,0.127868973464628,-0.176025491237579,0.33411747616306,"focspTRCY:CovSUN:fac_sc"
0.204161792346984,0.13640479405224,-0.0746728344957911,0.46102800138514,"focspTROR:CovSUN:fac_sc"
