"Estimate","Est.Error","Q2.5","Q97.5","term"
0.654271288515854,0.112711035463527,0.429150741704892,0.875171702963753,"focspTRCY:SitePJ"
0.0692943757122146,0.119131901665636,-0.161692810647289,0.306616820196574,"focspTROR:SitePJ"
0.174204009459656,0.0732103131882498,0.0415927774391549,0.325107676145884,"focspTRCY:fac_sc"
0.0764457289387175,0.0604157616207861,-0.0340265456541971,0.198011011729056,"focspTROR:fac_sc"
